Date/Time,Unit,Value
07.11.23 15:54:00,C,8
07.11.23 16:54:00,C,7
07.11.23 17:54:00,C,7
07.11.23 18:54:00,C,7
07.11.23 19:54:00,C,7
07.11.23 20:54:00,C,6
07.11.23 21:54:00,C,6
07.11.23 22:54:00,C,6
07.11.23 23:54:00,C,6
08.11.23 00:54:00,C,6
08.11.23 01:54:00,C,6
08.11.23 02:54:00,C,6
08.11.23 03:54:00,C,7
08.11.23 04:54:00,C,7
08.11.23 05:54:00,C,7
08.11.23 06:54:00,C,7
08.11.23 07:54:00,C,7
08.11.23 08:54:00,C,7
08.11.23 09:54:00,C,8
08.11.23 10:54:00,C,8
08.11.23 11:54:00,C,9
08.11.23 12:54:00,C,9
08.11.23 13:54:00,C,10
08.11.23 14:54:00,C,9
08.11.23 15:54:00,C,9
08.11.23 16:54:00,C,8
08.11.23 17:54:00,C,7
08.11.23 18:54:00,C,6
08.11.23 19:54:00,C,6
08.11.23 20:54:00,C,5
08.11.23 21:54:00,C,5
08.11.23 22:54:00,C,4
08.11.23 23:54:00,C,4
09.11.23 00:54:00,C,4
09.11.23 01:54:00,C,4
09.11.23 02:54:00,C,4
09.11.23 03:54:00,C,4
09.11.23 04:54:00,C,4
09.11.23 05:54:00,C,4
09.11.23 06:54:00,C,4
09.11.23 07:54:00,C,5
09.11.23 08:54:00,C,6
09.11.23 09:54:00,C,6
09.11.23 10:54:00,C,7
09.11.23 11:54:00,C,7
09.11.23 12:54:00,C,8
09.11.23 13:54:00,C,8
09.11.23 14:54:00,C,8
09.11.23 15:54:00,C,8
09.11.23 16:54:00,C,8
09.11.23 17:54:00,C,7
09.11.23 18:54:00,C,6
09.11.23 19:54:00,C,6
09.11.23 20:54:00,C,7
09.11.23 21:54:00,C,7
09.11.23 22:54:00,C,7
09.11.23 23:54:00,C,7
10.11.23 00:54:00,C,7
10.11.23 01:54:00,C,7
10.11.23 02:54:00,C,7
10.11.23 03:54:00,C,7
10.11.23 04:54:00,C,7
10.11.23 05:54:00,C,7
10.11.23 06:54:00,C,7
10.11.23 07:54:00,C,7
10.11.23 08:54:00,C,7
10.11.23 09:54:00,C,8
10.11.23 10:54:00,C,9
10.11.23 11:54:00,C,9
10.11.23 12:54:00,C,9
10.11.23 13:54:00,C,9
10.11.23 14:54:00,C,8
10.11.23 15:54:00,C,8
10.11.23 16:54:00,C,7
10.11.23 17:54:00,C,7
10.11.23 18:54:00,C,7
10.11.23 19:54:00,C,7
10.11.23 20:54:00,C,7
10.11.23 21:54:00,C,7
10.11.23 22:54:00,C,7
10.11.23 23:54:00,C,7
11.11.23 00:54:00,C,7
11.11.23 01:54:00,C,6
11.11.23 02:54:00,C,6
11.11.23 03:54:00,C,6
11.11.23 04:54:00,C,6
11.11.23 05:54:00,C,6
11.11.23 06:54:00,C,6
11.11.23 07:54:00,C,6
11.11.23 08:54:00,C,7
11.11.23 09:54:00,C,7
11.11.23 10:54:00,C,7
11.11.23 11:54:00,C,8
11.11.23 12:54:00,C,8
11.11.23 13:54:00,C,7
11.11.23 14:54:00,C,7
11.11.23 15:54:00,C,7
11.11.23 16:54:00,C,6
11.11.23 17:54:00,C,5
11.11.23 18:54:00,C,5
11.11.23 19:54:00,C,5
11.11.23 20:54:00,C,5
11.11.23 21:54:00,C,5
11.11.23 22:54:00,C,5
11.11.23 23:54:00,C,5
12.11.23 00:54:00,C,5
12.11.23 01:54:00,C,5
12.11.23 02:54:00,C,5
12.11.23 03:54:00,C,5
12.11.23 04:54:00,C,5
12.11.23 05:54:00,C,4
12.11.23 06:54:00,C,4
12.11.23 07:54:00,C,5
12.11.23 08:54:00,C,5
12.11.23 09:54:00,C,6
12.11.23 10:54:00,C,7
12.11.23 11:54:00,C,7
12.11.23 12:54:00,C,8
12.11.23 13:54:00,C,8
12.11.23 14:54:00,C,8
12.11.23 15:54:00,C,7
12.11.23 16:54:00,C,7
12.11.23 17:54:00,C,6
12.11.23 18:54:00,C,6
12.11.23 19:54:00,C,6
12.11.23 20:54:00,C,6
12.11.23 21:54:00,C,6
12.11.23 22:54:00,C,6
12.11.23 23:54:00,C,6
13.11.23 00:54:00,C,6
13.11.23 01:54:00,C,6
13.11.23 02:54:00,C,6
13.11.23 03:54:00,C,6
13.11.23 04:54:00,C,7
13.11.23 05:54:00,C,7
13.11.23 06:54:00,C,8
13.11.23 07:54:00,C,8
13.11.23 08:54:00,C,8
13.11.23 09:54:00,C,8
13.11.23 10:54:00,C,9
13.11.23 11:54:00,C,9
13.11.23 12:54:00,C,10
13.11.23 13:54:00,C,11
13.11.23 14:54:00,C,11
13.11.23 15:54:00,C,11
13.11.23 16:54:00,C,11
13.11.23 17:54:00,C,11
13.11.23 18:54:00,C,11
13.11.23 19:54:00,C,12
13.11.23 20:54:00,C,11
13.11.23 21:54:00,C,10
13.11.23 22:54:00,C,10
13.11.23 23:54:00,C,9
14.11.23 00:54:00,C,9
14.11.23 01:54:00,C,8
14.11.23 02:54:00,C,8
14.11.23 03:54:00,C,8
14.11.23 04:54:00,C,8
14.11.23 05:54:00,C,8
14.11.23 06:54:00,C,9
14.11.23 07:54:00,C,9
14.11.23 08:54:00,C,9
14.11.23 09:54:00,C,9
14.11.23 10:54:00,C,10
14.11.23 11:54:00,C,10
14.11.23 12:54:00,C,10
14.11.23 13:54:00,C,11
14.11.23 14:54:00,C,10
14.11.23 15:54:00,C,10
14.11.23 16:54:00,C,10
14.11.23 17:54:00,C,9
14.11.23 18:54:00,C,9
14.11.23 19:54:00,C,9
14.11.23 20:54:00,C,9
14.11.23 21:54:00,C,9
14.11.23 22:54:00,C,9
14.11.23 23:54:00,C,9
15.11.23 00:54:00,C,9
15.11.23 01:54:00,C,8
15.11.23 02:54:00,C,8
15.11.23 03:54:00,C,8
15.11.23 04:54:00,C,9
15.11.23 05:54:00,C,9
15.11.23 06:54:00,C,8
15.11.23 07:54:00,C,9
15.11.23 08:54:00,C,9
15.11.23 09:54:00,C,9
15.11.23 10:54:00,C,10
15.11.23 11:54:00,C,10
15.11.23 12:54:00,C,11
15.11.23 13:54:00,C,11
15.11.23 14:54:00,C,10
15.11.23 15:54:00,C,10
15.11.23 16:54:00,C,9
15.11.23 17:54:00,C,9
15.11.23 18:54:00,C,8
15.11.23 19:54:00,C,8
15.11.23 20:54:00,C,8
15.11.23 21:54:00,C,8
15.11.23 22:54:00,C,8
15.11.23 23:54:00,C,8
16.11.23 00:54:00,C,8
16.11.23 01:54:00,C,8
16.11.23 02:54:00,C,8
16.11.23 03:54:00,C,7
16.11.23 04:54:00,C,7
16.11.23 05:54:00,C,8
16.11.23 06:54:00,C,8
16.11.23 07:54:00,C,7
16.11.23 08:54:00,C,7
16.11.23 09:54:00,C,8
16.11.23 10:54:00,C,9
16.11.23 11:54:00,C,9
16.11.23 12:54:00,C,9
16.11.23 13:54:00,C,8
16.11.23 14:54:00,C,8
16.11.23 15:54:00,C,8
16.11.23 16:54:00,C,8
16.11.23 17:54:00,C,8
16.11.23 18:54:00,C,7
16.11.23 19:54:00,C,7
16.11.23 20:54:00,C,7
16.11.23 21:54:00,C,7
16.11.23 22:54:00,C,7
16.11.23 23:54:00,C,7
17.11.23 00:54:00,C,7
17.11.23 01:54:00,C,7
17.11.23 02:54:00,C,7
17.11.23 03:54:00,C,6
17.11.23 04:54:00,C,6
17.11.23 05:54:00,C,6
17.11.23 06:54:00,C,6
17.11.23 07:54:00,C,6
17.11.23 08:54:00,C,7
17.11.23 09:54:00,C,7
17.11.23 10:54:00,C,8
17.11.23 11:54:00,C,9
17.11.23 12:54:00,C,8
17.11.23 13:54:00,C,8
17.11.23 14:54:00,C,8
17.11.23 15:54:00,C,8
17.11.23 16:54:00,C,7
17.11.23 17:54:00,C,7
17.11.23 18:54:00,C,6
17.11.23 19:54:00,C,6
17.11.23 20:54:00,C,6
17.11.23 21:54:00,C,6
17.11.23 22:54:00,C,6
17.11.23 23:54:00,C,6
18.11.23 00:54:00,C,6
18.11.23 01:54:00,C,6
18.11.23 02:54:00,C,6
18.11.23 03:54:00,C,6
18.11.23 04:54:00,C,6
18.11.23 05:54:00,C,6
18.11.23 06:54:00,C,6
18.11.23 07:54:00,C,6
18.11.23 08:54:00,C,6
18.11.23 09:54:00,C,7
18.11.23 10:54:00,C,8
18.11.23 11:54:00,C,8
18.11.23 12:54:00,C,8
18.11.23 13:54:00,C,8
18.11.23 14:54:00,C,8
18.11.23 15:54:00,C,8
18.11.23 16:54:00,C,7
18.11.23 17:54:00,C,7
18.11.23 18:54:00,C,7
18.11.23 19:54:00,C,7
18.11.23 20:54:00,C,7
18.11.23 21:54:00,C,7
18.11.23 22:54:00,C,7
18.11.23 23:54:00,C,8
19.11.23 00:54:00,C,8
19.11.23 01:54:00,C,8
19.11.23 02:54:00,C,8
19.11.23 03:54:00,C,8
19.11.23 04:54:00,C,8
19.11.23 05:54:00,C,9
19.11.23 06:54:00,C,9
19.11.23 07:54:00,C,9
19.11.23 08:54:00,C,10
19.11.23 09:54:00,C,10
19.11.23 10:54:00,C,11
19.11.23 11:54:00,C,12
19.11.23 12:54:00,C,11
19.11.23 13:54:00,C,12
19.11.23 14:54:00,C,11
19.11.23 15:54:00,C,10
19.11.23 16:54:00,C,9
19.11.23 17:54:00,C,9
19.11.23 18:54:00,C,8
19.11.23 19:54:00,C,8
19.11.23 20:54:00,C,8
19.11.23 21:54:00,C,8
19.11.23 22:54:00,C,8
19.11.23 23:54:00,C,9
20.11.23 00:54:00,C,9
20.11.23 01:54:00,C,9
20.11.23 02:54:00,C,9
20.11.23 03:54:00,C,9
20.11.23 04:54:00,C,9
20.11.23 05:54:00,C,9
20.11.23 06:54:00,C,9
20.11.23 07:54:00,C,9
20.11.23 08:54:00,C,9
20.11.23 09:54:00,C,9
20.11.23 10:54:00,C,9
20.11.23 11:54:00,C,10
20.11.23 12:54:00,C,10
20.11.23 13:54:00,C,10
20.11.23 14:54:00,C,10
20.11.23 15:54:00,C,9
20.11.23 16:54:00,C,9
20.11.23 17:54:00,C,9
20.11.23 18:54:00,C,8
20.11.23 19:54:00,C,8
20.11.23 20:54:00,C,8
20.11.23 21:54:00,C,8
20.11.23 22:54:00,C,8
20.11.23 23:54:00,C,8
21.11.23 00:54:00,C,8
21.11.23 01:54:00,C,8
21.11.23 02:54:00,C,8
21.11.23 03:54:00,C,8
21.11.23 04:54:00,C,8
21.11.23 05:54:00,C,8
21.11.23 06:54:00,C,8
21.11.23 07:54:00,C,8
21.11.23 08:54:00,C,8
21.11.23 09:54:00,C,9
21.11.23 10:54:00,C,9
21.11.23 11:54:00,C,10
21.11.23 12:54:00,C,10
21.11.23 13:54:00,C,10
21.11.23 14:54:00,C,10
21.11.23 15:54:00,C,10
21.11.23 16:54:00,C,9
21.11.23 17:54:00,C,9
21.11.23 18:54:00,C,8
21.11.23 19:54:00,C,8
21.11.23 20:54:00,C,8
21.11.23 21:54:00,C,8
21.11.23 22:54:00,C,8
21.11.23 23:54:00,C,8
22.11.23 00:54:00,C,7
22.11.23 01:54:00,C,7
22.11.23 02:54:00,C,6
22.11.23 03:54:00,C,5
22.11.23 04:54:00,C,4
22.11.23 05:54:00,C,4
22.11.23 06:54:00,C,3
22.11.23 07:54:00,C,3
22.11.23 08:54:00,C,3
22.11.23 09:54:00,C,4
22.11.23 10:54:00,C,3
22.11.23 11:54:00,C,4
22.11.23 12:54:00,C,5
22.11.23 13:54:00,C,5
22.11.23 14:54:00,C,5
22.11.23 15:54:00,C,4
22.11.23 16:54:00,C,3
22.11.23 17:54:00,C,2
22.11.23 18:54:00,C,2
22.11.23 19:54:00,C,2
22.11.23 20:54:00,C,2
22.11.23 21:54:00,C,2
22.11.23 22:54:00,C,1
22.11.23 23:54:00,C,1
23.11.23 00:54:00,C,2
23.11.23 01:54:00,C,2
23.11.23 02:54:00,C,2
23.11.23 03:54:00,C,1
23.11.23 04:54:00,C,1
23.11.23 05:54:00,C,1
23.11.23 06:54:00,C,1
23.11.23 07:54:00,C,2
23.11.23 08:54:00,C,2
23.11.23 09:54:00,C,3
23.11.23 10:54:00,C,4
23.11.23 11:54:00,C,4
23.11.23 12:54:00,C,5
23.11.23 13:54:00,C,5
23.11.23 14:54:00,C,5
23.11.23 15:54:00,C,5
23.11.23 16:54:00,C,5
23.11.23 17:54:00,C,5
23.11.23 18:54:00,C,5
23.11.23 19:54:00,C,5
23.11.23 20:54:00,C,6
23.11.23 21:54:00,C,6
23.11.23 22:54:00,C,6
23.11.23 23:54:00,C,6
24.11.23 00:54:00,C,6
24.11.23 01:54:00,C,6
24.11.23 02:54:00,C,6
24.11.23 03:54:00,C,7
24.11.23 04:54:00,C,7
24.11.23 05:54:00,C,7
24.11.23 06:54:00,C,6
24.11.23 07:54:00,C,6
24.11.23 08:54:00,C,6
24.11.23 09:54:00,C,7
24.11.23 10:54:00,C,7
24.11.23 11:54:00,C,7
24.11.23 12:54:00,C,7
24.11.23 13:54:00,C,7
24.11.23 14:54:00,C,7
24.11.23 15:54:00,C,5
24.11.23 16:54:00,C,5
24.11.23 17:54:00,C,4
24.11.23 18:54:00,C,3
24.11.23 19:54:00,C,3
24.11.23 20:54:00,C,3
24.11.23 21:54:00,C,3
24.11.23 22:54:00,C,3
24.11.23 23:54:00,C,3
25.11.23 00:54:00,C,3
25.11.23 01:54:00,C,2
25.11.23 02:54:00,C,2
25.11.23 03:54:00,C,2
25.11.23 04:54:00,C,2
25.11.23 05:54:00,C,1
25.11.23 06:54:00,C,1
25.11.23 07:54:00,C,1
25.11.23 08:54:00,C,1
25.11.23 09:54:00,C,2
25.11.23 10:54:00,C,3
25.11.23 11:54:00,C,4
25.11.23 12:54:00,C,4
25.11.23 13:54:00,C,4
25.11.23 14:54:00,C,4
25.11.23 15:54:00,C,4
25.11.23 16:54:00,C,4
25.11.23 17:54:00,C,4
25.11.23 18:54:00,C,4
25.11.23 19:54:00,C,4
25.11.23 20:54:00,C,3
25.11.23 21:54:00,C,4
25.11.23 22:54:00,C,4
25.11.23 23:54:00,C,4
26.11.23 00:54:00,C,3
26.11.23 01:54:00,C,3
26.11.23 02:54:00,C,3
26.11.23 03:54:00,C,3
26.11.23 04:54:00,C,2
26.11.23 05:54:00,C,2
26.11.23 06:54:00,C,2
26.11.23 07:54:00,C,2
26.11.23 08:54:00,C,2
26.11.23 09:54:00,C,3
26.11.23 10:54:00,C,5
26.11.23 11:54:00,C,5
26.11.23 12:54:00,C,6
26.11.23 13:54:00,C,6
26.11.23 14:54:00,C,5
26.11.23 15:54:00,C,5
26.11.23 16:54:00,C,4
26.11.23 17:54:00,C,4
26.11.23 18:54:00,C,4
26.11.23 19:54:00,C,4
26.11.23 20:54:00,C,4
26.11.23 21:54:00,C,4
26.11.23 22:54:00,C,3
26.11.23 23:54:00,C,3
27.11.23 00:54:00,C,3
27.11.23 01:54:00,C,3
27.11.23 02:54:00,C,3
27.11.23 03:54:00,C,3
27.11.23 04:54:00,C,3
27.11.23 05:54:00,C,3
27.11.23 06:54:00,C,3
27.11.23 07:54:00,C,3
27.11.23 08:54:00,C,3
27.11.23 09:54:00,C,4
27.11.23 10:54:00,C,4
27.11.23 11:54:00,C,4
27.11.23 12:54:00,C,4
27.11.23 13:54:00,C,4
27.11.23 14:54:00,C,3
27.11.23 15:54:00,C,3
27.11.23 16:54:00,C,2
27.11.23 17:54:00,C,2
27.11.23 18:54:00,C,3
27.11.23 19:54:00,C,3
27.11.23 20:54:00,C,3
27.11.23 21:54:00,C,3
27.11.23 22:54:00,C,3
27.11.23 23:54:00,C,3
28.11.23 00:54:00,C,3
28.11.23 01:54:00,C,3
28.11.23 02:54:00,C,3
28.11.23 03:54:00,C,3
28.11.23 04:54:00,C,4
28.11.23 05:54:00,C,4
28.11.23 06:54:00,C,3
28.11.23 07:54:00,C,3
28.11.23 08:54:00,C,3
28.11.23 09:54:00,C,3
28.11.23 10:54:00,C,3
28.11.23 11:54:00,C,3
28.11.23 12:54:00,C,3
28.11.23 13:54:00,C,3
28.11.23 14:54:00,C,3
28.11.23 15:54:00,C,3
28.11.23 16:54:00,C,3
28.11.23 17:54:00,C,2
28.11.23 18:54:00,C,2
28.11.23 19:54:00,C,2
28.11.23 20:54:00,C,2
28.11.23 21:54:00,C,2
28.11.23 22:54:00,C,1
28.11.23 23:54:00,C,1
29.11.23 00:54:00,C,0
29.11.23 01:54:00,C,0
29.11.23 02:54:00,C,0
29.11.23 03:54:00,C,0
29.11.23 04:54:00,C,0
29.11.23 05:54:00,C,0
29.11.23 06:54:00,C,0
29.11.23 07:54:00,C,0
29.11.23 08:54:00,C,0
29.11.23 09:54:00,C,0
29.11.23 10:54:00,C,0
29.11.23 11:54:00,C,1
29.11.23 12:54:00,C,1
29.11.23 13:54:00,C,1
29.11.23 14:54:00,C,1
29.11.23 15:54:00,C,2
29.11.23 16:54:00,C,2
29.11.23 17:54:00,C,2
29.11.23 18:54:00,C,2
29.11.23 19:54:00,C,1
29.11.23 20:54:00,C,1
29.11.23 21:54:00,C,1
29.11.23 22:54:00,C,1
29.11.23 23:54:00,C,0
30.11.23 00:54:00,C,1
30.11.23 01:54:00,C,0
30.11.23 02:54:00,C,0
30.11.23 03:54:00,C,0
30.11.23 04:54:00,C,0
30.11.23 05:54:00,C,0
30.11.23 06:54:00,C,0
30.11.23 07:54:00,C,0
30.11.23 08:54:00,C,0
30.11.23 09:54:00,C,1
30.11.23 10:54:00,C,1
30.11.23 11:54:00,C,2
30.11.23 12:54:00,C,3
30.11.23 13:54:00,C,4
30.11.23 14:54:00,C,3
30.11.23 15:54:00,C,3
30.11.23 16:54:00,C,2
30.11.23 17:54:00,C,1
30.11.23 18:54:00,C,1
30.11.23 19:54:00,C,1
30.11.23 20:54:00,C,1
30.11.23 21:54:00,C,1
30.11.23 22:54:00,C,1
30.11.23 23:54:00,C,1
01.12.23 00:54:00,C,1
01.12.23 01:54:00,C,1
01.12.23 02:54:00,C,1
01.12.23 03:54:00,C,1
01.12.23 04:54:00,C,1
01.12.23 05:54:00,C,1
01.12.23 06:54:00,C,2
01.12.23 07:54:00,C,2
01.12.23 08:54:00,C,2
01.12.23 09:54:00,C,2
01.12.23 10:54:00,C,2
01.12.23 11:54:00,C,3
01.12.23 12:54:00,C,3
01.12.23 13:54:00,C,3
01.12.23 14:54:00,C,2
01.12.23 15:54:00,C,2
01.12.23 16:54:00,C,2
01.12.23 17:54:00,C,2
01.12.23 18:54:00,C,1
01.12.23 19:54:00,C,1
01.12.23 20:54:00,C,1
01.12.23 21:54:00,C,1
01.12.23 22:54:00,C,1
01.12.23 23:54:00,C,1
02.12.23 00:54:00,C,1
02.12.23 01:54:00,C,1
02.12.23 02:54:00,C,1
02.12.23 03:54:00,C,1
02.12.23 04:54:00,C,0
02.12.23 05:54:00,C,0
02.12.23 06:54:00,C,0
02.12.23 07:54:00,C,0
02.12.23 08:54:00,C,0
02.12.23 09:54:00,C,0
02.12.23 10:54:00,C,1
02.12.23 11:54:00,C,1
02.12.23 12:54:00,C,1
02.12.23 13:54:00,C,1
02.12.23 14:54:00,C,1
02.12.23 15:54:00,C,0
02.12.23 16:54:00,C,0
02.12.23 17:54:00,C,0
02.12.23 18:54:00,C,0
02.12.23 19:54:00,C,0
02.12.23 20:54:00,C,0
02.12.23 21:54:00,C,0
02.12.23 22:54:00,C,0
02.12.23 23:54:00,C,0
03.12.23 00:54:00,C,0
03.12.23 01:54:00,C,0
03.12.23 02:54:00,C,0
03.12.23 03:54:00,C,0
03.12.23 04:54:00,C,0
03.12.23 05:54:00,C,0
03.12.23 06:54:00,C,0
03.12.23 07:54:00,C,-1
03.12.23 08:54:00,C,-1
03.12.23 09:54:00,C,-1
03.12.23 10:54:00,C,-1
03.12.23 11:54:00,C,-1
03.12.23 12:54:00,C,-1
03.12.23 13:54:00,C,-1
03.12.23 14:54:00,C,-1
03.12.23 15:54:00,C,-1
03.12.23 16:54:00,C,-2
03.12.23 17:54:00,C,-2
03.12.23 18:54:00,C,-2
03.12.23 19:54:00,C,-2
03.12.23 20:54:00,C,-2
03.12.23 21:54:00,C,-2
03.12.23 22:54:00,C,-3
03.12.23 23:54:00,C,-3
04.12.23 00:54:00,C,-3
04.12.23 01:54:00,C,-3
04.12.23 02:54:00,C,-3
04.12.23 03:54:00,C,-3
04.12.23 04:54:00,C,-3
04.12.23 05:54:00,C,-3
04.12.23 06:54:00,C,-2
04.12.23 07:54:00,C,-2
04.12.23 08:54:00,C,-2
04.12.23 09:54:00,C,-1
04.12.23 10:54:00,C,-1
04.12.23 11:54:00,C,-1
04.12.23 12:54:00,C,-1
04.12.23 13:54:00,C,0
04.12.23 14:54:00,C,0
04.12.23 15:54:00,C,0
04.12.23 16:54:00,C,0
04.12.23 17:54:00,C,0
04.12.23 18:54:00,C,0
04.12.23 19:54:00,C,0
04.12.23 20:54:00,C,0
04.12.23 21:54:00,C,0
04.12.23 22:54:00,C,0
04.12.23 23:54:00,C,0
05.12.23 00:54:00,C,0
05.12.23 01:54:00,C,0
05.12.23 02:54:00,C,0
05.12.23 03:54:00,C,0
05.12.23 04:54:00,C,0
05.12.23 05:54:00,C,0
05.12.23 06:54:00,C,0
05.12.23 07:54:00,C,0
05.12.23 08:54:00,C,0
05.12.23 09:54:00,C,0
05.12.23 10:54:00,C,0
05.12.23 11:54:00,C,0
05.12.23 12:54:00,C,0
05.12.23 13:54:00,C,0
05.12.23 14:54:00,C,0
05.12.23 15:54:00,C,0
05.12.23 16:54:00,C,0
05.12.23 17:54:00,C,0
05.12.23 18:54:00,C,0
05.12.23 19:54:00,C,0
05.12.23 20:54:00,C,0
05.12.23 21:54:00,C,0
05.12.23 22:54:00,C,0
05.12.23 23:54:00,C,0
06.12.23 00:54:00,C,1
06.12.23 01:54:00,C,1
06.12.23 02:54:00,C,2
06.12.23 03:54:00,C,2
06.12.23 04:54:00,C,2
06.12.23 05:54:00,C,2
06.12.23 06:54:00,C,2
06.12.23 07:54:00,C,2
06.12.23 08:54:00,C,2
06.12.23 09:54:00,C,3
06.12.23 10:54:00,C,3
06.12.23 11:54:00,C,4
06.12.23 12:54:00,C,4
06.12.23 13:54:00,C,4
06.12.23 14:54:00,C,4
06.12.23 15:54:00,C,4
06.12.23 16:54:00,C,3
06.12.23 17:54:00,C,3
06.12.23 18:54:00,C,2
06.12.23 19:54:00,C,2
06.12.23 20:54:00,C,2
06.12.23 21:54:00,C,1
06.12.23 22:54:00,C,1
06.12.23 23:54:00,C,0
07.12.23 00:54:00,C,0
07.12.23 01:54:00,C,0
07.12.23 02:54:00,C,1
07.12.23 03:54:00,C,1
07.12.23 04:54:00,C,1
07.12.23 05:54:00,C,1
07.12.23 06:54:00,C,1
07.12.23 07:54:00,C,1
07.12.23 08:54:00,C,1
07.12.23 09:54:00,C,2
07.12.23 10:54:00,C,2
07.12.23 11:54:00,C,4
07.12.23 12:54:00,C,3
07.12.23 13:54:00,C,2
07.12.23 14:54:00,C,2
07.12.23 15:54:00,C,1
07.12.23 16:54:00,C,0
07.12.23 17:54:00,C,0
07.12.23 18:54:00,C,0
07.12.23 19:54:00,C,0
07.12.23 20:54:00,C,0
07.12.23 21:54:00,C,0
07.12.23 22:54:00,C,0
07.12.23 23:54:00,C,0
08.12.23 00:54:00,C,0
08.12.23 01:54:00,C,1
08.12.23 02:54:00,C,1
08.12.23 03:54:00,C,1
08.12.23 04:54:00,C,1
08.12.23 05:54:00,C,1
08.12.23 06:54:00,C,1
08.12.23 07:54:00,C,1
08.12.23 08:54:00,C,1
08.12.23 09:54:00,C,2
08.12.23 10:54:00,C,2
08.12.23 11:54:00,C,3
08.12.23 12:54:00,C,4
08.12.23 13:54:00,C,4
08.12.23 14:54:00,C,4
08.12.23 15:54:00,C,4
08.12.23 16:54:00,C,4
08.12.23 17:54:00,C,4
08.12.23 18:54:00,C,4
08.12.23 19:54:00,C,3
08.12.23 20:54:00,C,4
08.12.23 21:54:00,C,4
08.12.23 22:54:00,C,4
08.12.23 23:54:00,C,4
09.12.23 00:54:00,C,4
09.12.23 01:54:00,C,4
09.12.23 02:54:00,C,4
09.12.23 03:54:00,C,4
09.12.23 04:54:00,C,4
09.12.23 05:54:00,C,4
09.12.23 06:54:00,C,4
09.12.23 07:54:00,C,4
09.12.23 08:54:00,C,4
09.12.23 09:54:00,C,4
09.12.23 10:54:00,C,5
09.12.23 11:54:00,C,5
09.12.23 12:54:00,C,5
09.12.23 13:54:00,C,6
09.12.23 14:54:00,C,5
09.12.23 15:54:00,C,5
09.12.23 16:54:00,C,5
09.12.23 17:54:00,C,5
09.12.23 18:54:00,C,5
09.12.23 19:54:00,C,5
09.12.23 20:54:00,C,5
09.12.23 21:54:00,C,5
09.12.23 22:54:00,C,6
09.12.23 23:54:00,C,6
10.12.23 00:54:00,C,6
10.12.23 01:54:00,C,6
10.12.23 02:54:00,C,5
10.12.23 03:54:00,C,5
10.12.23 04:54:00,C,5
10.12.23 05:54:00,C,5
10.12.23 06:54:00,C,5
10.12.23 07:54:00,C,5
10.12.23 08:54:00,C,5
10.12.23 09:54:00,C,6
10.12.23 10:54:00,C,7
10.12.23 11:54:00,C,7
10.12.23 12:54:00,C,6
10.12.23 13:54:00,C,7
10.12.23 14:54:00,C,7
10.12.23 15:54:00,C,7
10.12.23 16:54:00,C,6
10.12.23 17:54:00,C,5
10.12.23 18:54:00,C,5
10.12.23 19:54:00,C,5
10.12.23 20:54:00,C,6
10.12.23 21:54:00,C,6
10.12.23 22:54:00,C,6
10.12.23 23:54:00,C,6
11.12.23 00:54:00,C,6
11.12.23 01:54:00,C,7
11.12.23 02:54:00,C,6
11.12.23 03:54:00,C,6
11.12.23 04:54:00,C,7
11.12.23 05:54:00,C,7
11.12.23 06:54:00,C,7
11.12.23 07:54:00,C,7
11.12.23 08:54:00,C,7
11.12.23 09:54:00,C,7
11.12.23 10:54:00,C,8
11.12.23 11:54:00,C,8
11.12.23 12:54:00,C,8
11.12.23 13:54:00,C,8
11.12.23 14:54:00,C,8
11.12.23 15:54:00,C,8
11.12.23 16:54:00,C,7
11.12.23 17:54:00,C,7
11.12.23 18:54:00,C,6
11.12.23 19:54:00,C,5
11.12.23 20:54:00,C,6
11.12.23 21:54:00,C,6
11.12.23 22:54:00,C,6
11.12.23 23:54:00,C,5
12.12.23 00:54:00,C,6
12.12.23 01:54:00,C,6
12.12.23 02:54:00,C,6
12.12.23 03:54:00,C,5
12.12.23 04:54:00,C,5
12.12.23 05:54:00,C,5
12.12.23 06:54:00,C,5
12.12.23 07:54:00,C,6
12.12.23 08:54:00,C,6
12.12.23 09:54:00,C,6
12.12.23 10:54:00,C,6
12.12.23 11:54:00,C,7
12.12.23 12:54:00,C,7
12.12.23 13:54:00,C,8
12.12.23 14:54:00,C,8
12.12.23 15:54:00,C,8
12.12.23 16:54:00,C,8
12.12.23 17:54:00,C,7
12.12.23 18:54:00,C,7
12.12.23 19:54:00,C,7
12.12.23 20:54:00,C,7
12.12.23 21:54:00,C,7
12.12.23 22:54:00,C,6
12.12.23 23:54:00,C,7
13.12.23 00:54:00,C,7
13.12.23 01:54:00,C,7
13.12.23 02:54:00,C,7
13.12.23 03:54:00,C,7
13.12.23 04:54:00,C,7
13.12.23 05:54:00,C,7
13.12.23 06:54:00,C,6
13.12.23 07:54:00,C,6
13.12.23 08:54:00,C,6
13.12.23 09:54:00,C,7
13.12.23 10:54:00,C,8
13.12.23 11:54:00,C,8
13.12.23 12:54:00,C,9
13.12.23 13:54:00,C,8
13.12.23 14:54:00,C,8
13.12.23 15:54:00,C,8
13.12.23 16:54:00,C,6
13.12.23 17:54:00,C,6
13.12.23 18:54:00,C,6
13.12.23 19:54:00,C,5
13.12.23 20:54:00,C,6
13.12.23 21:54:00,C,5
13.12.23 22:54:00,C,6
13.12.23 23:54:00,C,6
14.12.23 00:54:00,C,6
14.12.23 01:54:00,C,6
14.12.23 02:54:00,C,6
14.12.23 03:54:00,C,6
14.12.23 04:54:00,C,6
14.12.23 05:54:00,C,5
14.12.23 06:54:00,C,5
14.12.23 07:54:00,C,5
14.12.23 08:54:00,C,5
14.12.23 09:54:00,C,6
14.12.23 10:54:00,C,6
14.12.23 11:54:00,C,7
14.12.23 12:54:00,C,7
14.12.23 13:54:00,C,8
14.12.23 14:54:00,C,7
14.12.23 15:54:00,C,7
14.12.23 16:54:00,C,6
14.12.23 17:54:00,C,6
14.12.23 18:54:00,C,6
14.12.23 19:54:00,C,6
14.12.23 20:54:00,C,5
14.12.23 21:54:00,C,5
14.12.23 22:54:00,C,5
14.12.23 23:54:00,C,5
15.12.23 00:54:00,C,4
15.12.23 01:54:00,C,4
15.12.23 02:54:00,C,4
15.12.23 03:54:00,C,4
15.12.23 04:54:00,C,4
15.12.23 05:54:00,C,4
15.12.23 06:54:00,C,4
15.12.23 07:54:00,C,4
15.12.23 08:54:00,C,5
15.12.23 09:54:00,C,5
15.12.23 10:54:00,C,6
15.12.23 11:54:00,C,6
15.12.23 12:54:00,C,7
15.12.23 13:54:00,C,7
15.12.23 14:54:00,C,7
15.12.23 15:54:00,C,6
15.12.23 16:54:00,C,6
15.12.23 17:54:00,C,6
15.12.23 18:54:00,C,6
15.12.23 19:54:00,C,5
15.12.23 20:54:00,C,5
15.12.23 21:54:00,C,5
15.12.23 22:54:00,C,5
15.12.23 23:54:00,C,4
16.12.23 00:54:00,C,4
16.12.23 01:54:00,C,4
16.12.23 02:54:00,C,4
16.12.23 03:54:00,C,4
16.12.23 04:54:00,C,4
16.12.23 05:54:00,C,4
16.12.23 06:54:00,C,3
16.12.23 07:54:00,C,4
16.12.23 08:54:00,C,4
16.12.23 09:54:00,C,3
16.12.23 10:54:00,C,4
16.12.23 11:54:00,C,6
16.12.23 12:54:00,C,6
16.12.23 13:54:00,C,7
16.12.23 14:54:00,C,6
16.12.23 15:54:00,C,5
16.12.23 16:54:00,C,4
16.12.23 17:54:00,C,3
16.12.23 18:54:00,C,2
16.12.23 19:54:00,C,1
16.12.23 20:54:00,C,1
16.12.23 21:54:00,C,1
16.12.23 22:54:00,C,1
16.12.23 23:54:00,C,1
17.12.23 00:54:00,C,1
17.12.23 01:54:00,C,1
17.12.23 02:54:00,C,1
17.12.23 03:54:00,C,0
17.12.23 04:54:00,C,0
17.12.23 05:54:00,C,0
17.12.23 06:54:00,C,0
17.12.23 07:54:00,C,0
17.12.23 08:54:00,C,0
17.12.23 09:54:00,C,0
17.12.23 10:54:00,C,0
17.12.23 11:54:00,C,1
17.12.23 12:54:00,C,1
17.12.23 13:54:00,C,2
17.12.23 14:54:00,C,3
17.12.23 15:54:00,C,2
17.12.23 16:54:00,C,1
17.12.23 17:54:00,C,0
17.12.23 18:54:00,C,0
17.12.23 19:54:00,C,0
17.12.23 20:54:00,C,0
17.12.23 21:54:00,C,0
17.12.23 22:54:00,C,0
17.12.23 23:54:00,C,0
18.12.23 00:54:00,C,0
18.12.23 01:54:00,C,0
18.12.23 02:54:00,C,0
18.12.23 03:54:00,C,0
18.12.23 04:54:00,C,0
18.12.23 05:54:00,C,0
18.12.23 06:54:00,C,0
18.12.23 07:54:00,C,0
18.12.23 08:54:00,C,0
18.12.23 09:54:00,C,0
18.12.23 10:54:00,C,0
18.12.23 11:54:00,C,0
18.12.23 12:54:00,C,0
18.12.23 13:54:00,C,0
18.12.23 14:54:00,C,0
18.12.23 15:54:00,C,0
18.12.23 16:54:00,C,0
18.12.23 17:54:00,C,0
18.12.23 18:54:00,C,0
18.12.23 19:54:00,C,0
18.12.23 20:54:00,C,0
18.12.23 21:54:00,C,0
18.12.23 22:54:00,C,0
18.12.23 23:54:00,C,0
19.12.23 00:54:00,C,0
19.12.23 01:54:00,C,0
19.12.23 02:54:00,C,0
19.12.23 03:54:00,C,0
19.12.23 04:54:00,C,0
19.12.23 05:54:00,C,0
19.12.23 06:54:00,C,0
19.12.23 07:54:00,C,0
19.12.23 08:54:00,C,0
19.12.23 09:54:00,C,0
19.12.23 10:54:00,C,0
19.12.23 11:54:00,C,0
19.12.23 12:54:00,C,1
19.12.23 13:54:00,C,1
19.12.23 14:54:00,C,1
19.12.23 15:54:00,C,2
19.12.23 16:54:00,C,2
19.12.23 17:54:00,C,2
19.12.23 18:54:00,C,3
19.12.23 19:54:00,C,3
19.12.23 20:54:00,C,3
19.12.23 21:54:00,C,3
19.12.23 22:54:00,C,3
19.12.23 23:54:00,C,3
20.12.23 00:54:00,C,3
20.12.23 01:54:00,C,3
20.12.23 02:54:00,C,3
20.12.23 03:54:00,C,3
20.12.23 04:54:00,C,3
20.12.23 05:54:00,C,3
20.12.23 06:54:00,C,3
20.12.23 07:54:00,C,3
20.12.23 08:54:00,C,2
20.12.23 09:54:00,C,2
20.12.23 10:54:00,C,3
20.12.23 11:54:00,C,4
20.12.23 12:54:00,C,4
20.12.23 13:54:00,C,4
20.12.23 14:54:00,C,4
20.12.23 15:54:00,C,4
20.12.23 16:54:00,C,4
20.12.23 17:54:00,C,4
20.12.23 18:54:00,C,4
20.12.23 19:54:00,C,4
20.12.23 20:54:00,C,4
20.12.23 21:54:00,C,4
20.12.23 22:54:00,C,4
20.12.23 23:54:00,C,4
21.12.23 00:54:00,C,4
21.12.23 01:54:00,C,4
21.12.23 02:54:00,C,4
21.12.23 03:54:00,C,5
21.12.23 04:54:00,C,5
21.12.23 05:54:00,C,5
21.12.23 06:54:00,C,5
21.12.23 07:54:00,C,5
21.12.23 08:54:00,C,5
21.12.23 09:54:00,C,5
21.12.23 10:54:00,C,6
21.12.23 11:54:00,C,6
21.12.23 12:54:00,C,6
21.12.23 13:54:00,C,6
21.12.23 14:54:00,C,7
21.12.23 15:54:00,C,7
21.12.23 16:54:00,C,7
21.12.23 17:54:00,C,7
21.12.23 18:54:00,C,7
21.12.23 19:54:00,C,6
21.12.23 20:54:00,C,6
21.12.23 21:54:00,C,6
21.12.23 22:54:00,C,6
21.12.23 23:54:00,C,6
22.12.23 00:54:00,C,6
22.12.23 01:54:00,C,5
22.12.23 02:54:00,C,5
22.12.23 03:54:00,C,4
22.12.23 04:54:00,C,5
22.12.23 05:54:00,C,5
22.12.23 06:54:00,C,5
22.12.23 07:54:00,C,5
22.12.23 08:54:00,C,5
22.12.23 09:54:00,C,5
22.12.23 10:54:00,C,6
22.12.23 11:54:00,C,6
22.12.23 12:54:00,C,6
22.12.23 13:54:00,C,6
22.12.23 14:54:00,C,7
22.12.23 15:54:00,C,7
22.12.23 16:54:00,C,7
22.12.23 17:54:00,C,7
22.12.23 18:54:00,C,7
22.12.23 19:54:00,C,7
22.12.23 20:54:00,C,7
22.12.23 21:54:00,C,7
22.12.23 22:54:00,C,6
22.12.23 23:54:00,C,6
23.12.23 00:54:00,C,6
23.12.23 01:54:00,C,6
23.12.23 02:54:00,C,6
23.12.23 03:54:00,C,6
23.12.23 04:54:00,C,6
23.12.23 05:54:00,C,6
23.12.23 06:54:00,C,6
23.12.23 07:54:00,C,6
23.12.23 08:54:00,C,6
23.12.23 09:54:00,C,6
23.12.23 10:54:00,C,6
23.12.23 11:54:00,C,6
23.12.23 12:54:00,C,7
23.12.23 13:54:00,C,7
23.12.23 14:54:00,C,7
23.12.23 15:54:00,C,7
23.12.23 16:54:00,C,6
23.12.23 17:54:00,C,6
23.12.23 18:54:00,C,6
23.12.23 19:54:00,C,6
23.12.23 20:54:00,C,6
23.12.23 21:54:00,C,6
23.12.23 22:54:00,C,6
23.12.23 23:54:00,C,6
24.12.23 00:54:00,C,6
24.12.23 01:54:00,C,6
24.12.23 02:54:00,C,6
24.12.23 03:54:00,C,6
24.12.23 04:54:00,C,6
24.12.23 05:54:00,C,6
24.12.23 06:54:00,C,6
24.12.23 07:54:00,C,6
24.12.23 08:54:00,C,7
24.12.23 09:54:00,C,7
24.12.23 10:54:00,C,7
24.12.23 11:54:00,C,7
24.12.23 12:54:00,C,7
24.12.23 13:54:00,C,8
24.12.23 14:54:00,C,8
24.12.23 15:54:00,C,8
24.12.23 16:54:00,C,7
24.12.23 17:54:00,C,7
24.12.23 18:54:00,C,7
24.12.23 19:54:00,C,7
24.12.23 20:54:00,C,7
24.12.23 21:54:00,C,7
24.12.23 22:54:00,C,7
24.12.23 23:54:00,C,7
25.12.23 00:54:00,C,7
25.12.23 01:54:00,C,7
25.12.23 02:54:00,C,7
25.12.23 03:54:00,C,7
25.12.23 04:54:00,C,7
25.12.23 05:54:00,C,7
25.12.23 06:54:00,C,7
25.12.23 07:54:00,C,7
25.12.23 08:54:00,C,7
25.12.23 09:54:00,C,7
25.12.23 10:54:00,C,7
25.12.23 11:54:00,C,8
25.12.23 12:54:00,C,8
25.12.23 13:54:00,C,8
25.12.23 14:54:00,C,8
25.12.23 15:54:00,C,8
25.12.23 16:54:00,C,7
25.12.23 17:54:00,C,7
25.12.23 18:54:00,C,7
25.12.23 19:54:00,C,7
25.12.23 20:54:00,C,7
25.12.23 21:54:00,C,7
25.12.23 22:54:00,C,7
25.12.23 23:54:00,C,7
26.12.23 00:54:00,C,7
26.12.23 01:54:00,C,7
26.12.23 02:54:00,C,7
26.12.23 03:54:00,C,7
26.12.23 04:54:00,C,7
26.12.23 05:54:00,C,7
26.12.23 06:54:00,C,7
26.12.23 07:54:00,C,7
26.12.23 08:54:00,C,7
26.12.23 09:54:00,C,7
26.12.23 10:54:00,C,7
26.12.23 11:54:00,C,7
26.12.23 12:54:00,C,8
26.12.23 13:54:00,C,8
26.12.23 14:54:00,C,8
26.12.23 15:54:00,C,8
26.12.23 16:54:00,C,7
26.12.23 17:54:00,C,7
26.12.23 18:54:00,C,7
26.12.23 19:54:00,C,7
26.12.23 20:54:00,C,7
26.12.23 21:54:00,C,7
26.12.23 22:54:00,C,7
26.12.23 23:54:00,C,7
27.12.23 00:54:00,C,7
27.12.23 01:54:00,C,7
27.12.23 02:54:00,C,7
27.12.23 03:54:00,C,7
27.12.23 04:54:00,C,7
27.12.23 05:54:00,C,7
27.12.23 06:54:00,C,6
27.12.23 07:54:00,C,6
27.12.23 08:54:00,C,6
27.12.23 09:54:00,C,6
27.12.23 10:54:00,C,7
27.12.23 11:54:00,C,7
27.12.23 12:54:00,C,8
27.12.23 13:54:00,C,8
27.12.23 14:54:00,C,7
27.12.23 15:54:00,C,7
27.12.23 16:54:00,C,5
27.12.23 17:54:00,C,4
27.12.23 18:54:00,C,4
27.12.23 19:54:00,C,3
27.12.23 20:54:00,C,3
27.12.23 21:54:00,C,3
27.12.23 22:54:00,C,2
27.12.23 23:54:00,C,2
28.12.23 00:54:00,C,2
28.12.23 01:54:00,C,1
28.12.23 02:54:00,C,2
28.12.23 03:54:00,C,3
28.12.23 04:54:00,C,5
28.12.23 05:54:00,C,5
28.12.23 06:54:00,C,6
28.12.23 07:54:00,C,6
28.12.23 08:54:00,C,6
28.12.23 09:54:00,C,6
28.12.23 10:54:00,C,6
28.12.23 11:54:00,C,7
28.12.23 12:54:00,C,7
28.12.23 13:54:00,C,7
28.12.23 14:54:00,C,7
28.12.23 15:54:00,C,7
28.12.23 16:54:00,C,7
28.12.23 17:54:00,C,7
28.12.23 18:54:00,C,7
28.12.23 19:54:00,C,7
28.12.23 20:54:00,C,7
28.12.23 21:54:00,C,7
28.12.23 22:54:00,C,7
28.12.23 23:54:00,C,7
29.12.23 00:54:00,C,7
29.12.23 01:54:00,C,7
29.12.23 02:54:00,C,7
29.12.23 03:54:00,C,6
29.12.23 04:54:00,C,7
29.12.23 05:54:00,C,7
29.12.23 06:54:00,C,6
29.12.23 07:54:00,C,7
29.12.23 08:54:00,C,7
29.12.23 09:54:00,C,7
29.12.23 10:54:00,C,8
29.12.23 11:54:00,C,9
29.12.23 12:54:00,C,9
29.12.23 13:54:00,C,8
29.12.23 14:54:00,C,8
29.12.23 15:54:00,C,8
29.12.23 16:54:00,C,7
29.12.23 17:54:00,C,7
29.12.23 18:54:00,C,7
29.12.23 19:54:00,C,7
29.12.23 20:54:00,C,7
29.12.23 21:54:00,C,7
29.12.23 22:54:00,C,7
29.12.23 23:54:00,C,7
30.12.23 00:54:00,C,7
30.12.23 01:54:00,C,7
30.12.23 02:54:00,C,7
30.12.23 03:54:00,C,7
30.12.23 04:54:00,C,7
30.12.23 05:54:00,C,7
30.12.23 06:54:00,C,7
30.12.23 07:54:00,C,7
30.12.23 08:54:00,C,7
30.12.23 09:54:00,C,7
30.12.23 10:54:00,C,8
30.12.23 11:54:00,C,9
30.12.23 12:54:00,C,9
30.12.23 13:54:00,C,9
30.12.23 14:54:00,C,8
30.12.23 15:54:00,C,8
30.12.23 16:54:00,C,7
30.12.23 17:54:00,C,6
30.12.23 18:54:00,C,6
30.12.23 19:54:00,C,6
30.12.23 20:54:00,C,6
30.12.23 21:54:00,C,5
30.12.23 22:54:00,C,4
30.12.23 23:54:00,C,4
31.12.23 00:54:00,C,3
31.12.23 01:54:00,C,3
31.12.23 02:54:00,C,3
31.12.23 03:54:00,C,3
31.12.23 04:54:00,C,3
31.12.23 05:54:00,C,3
31.12.23 06:54:00,C,3
31.12.23 07:54:00,C,3
31.12.23 08:54:00,C,3
31.12.23 09:54:00,C,4
31.12.23 10:54:00,C,5
31.12.23 11:54:00,C,6
31.12.23 12:54:00,C,6
31.12.23 13:54:00,C,6
31.12.23 14:54:00,C,6
31.12.23 15:54:00,C,6
31.12.23 16:54:00,C,6
31.12.23 17:54:00,C,5
31.12.23 18:54:00,C,4
31.12.23 19:54:00,C,4
31.12.23 20:54:00,C,4
31.12.23 21:54:00,C,5
31.12.23 22:54:00,C,5
31.12.23 23:54:00,C,5
01.01.24 00:54:00,C,5
01.01.24 01:54:00,C,5
01.01.24 02:54:00,C,5
01.01.24 03:54:00,C,5
01.01.24 04:54:00,C,5
01.01.24 05:54:00,C,5
01.01.24 06:54:00,C,5
01.01.24 07:54:00,C,5
01.01.24 08:54:00,C,5
01.01.24 09:54:00,C,5
01.01.24 10:54:00,C,6
01.01.24 11:54:00,C,7
01.01.24 12:54:00,C,8
01.01.24 13:54:00,C,7
01.01.24 14:54:00,C,7
01.01.24 15:54:00,C,6
01.01.24 16:54:00,C,6
01.01.24 17:54:00,C,5
01.01.24 18:54:00,C,5
01.01.24 19:54:00,C,5
01.01.24 20:54:00,C,5
01.01.24 21:54:00,C,5
01.01.24 22:54:00,C,5
01.01.24 23:54:00,C,5
02.01.24 00:54:00,C,5
02.01.24 01:54:00,C,5
02.01.24 02:54:00,C,5
02.01.24 03:54:00,C,5
02.01.24 04:54:00,C,5
02.01.24 05:54:00,C,5
02.01.24 06:54:00,C,5
02.01.24 07:54:00,C,6
02.01.24 08:54:00,C,6
02.01.24 09:54:00,C,6
02.01.24 10:54:00,C,6
02.01.24 11:54:00,C,7
02.01.24 12:54:00,C,7
02.01.24 13:54:00,C,7
02.01.24 14:54:00,C,7
02.01.24 15:54:00,C,7
02.01.24 16:54:00,C,7
02.01.24 17:54:00,C,7
02.01.24 18:54:00,C,7
02.01.24 19:54:00,C,7
02.01.24 20:54:00,C,7
02.01.24 21:54:00,C,7
02.01.24 22:54:00,C,7
02.01.24 23:54:00,C,7
03.01.24 00:54:00,C,7
03.01.24 01:54:00,C,7
03.01.24 02:54:00,C,7
03.01.24 03:54:00,C,7
03.01.24 04:54:00,C,7
03.01.24 05:54:00,C,7
03.01.24 06:54:00,C,7
03.01.24 07:54:00,C,7
03.01.24 08:54:00,C,7
03.01.24 09:54:00,C,7
03.01.24 10:54:00,C,8
03.01.24 11:54:00,C,9
03.01.24 12:54:00,C,9
03.01.24 13:54:00,C,9
03.01.24 14:54:00,C,9
03.01.24 15:54:00,C,8
03.01.24 16:54:00,C,8
03.01.24 17:54:00,C,8
03.01.24 18:54:00,C,7
03.01.24 19:54:00,C,7
03.01.24 20:54:00,C,7
03.01.24 21:54:00,C,7
03.01.24 22:54:00,C,7
03.01.24 23:54:00,C,7
04.01.24 00:54:00,C,7
04.01.24 01:54:00,C,7
04.01.24 02:54:00,C,7
04.01.24 03:54:00,C,7
04.01.24 04:54:00,C,7
04.01.24 05:54:00,C,7
04.01.24 06:54:00,C,7
04.01.24 07:54:00,C,6
04.01.24 08:54:00,C,6
04.01.24 09:54:00,C,7
04.01.24 10:54:00,C,7
04.01.24 11:54:00,C,8
04.01.24 12:54:00,C,8
04.01.24 13:54:00,C,8
04.01.24 14:54:00,C,8
04.01.24 15:54:00,C,7
04.01.24 16:54:00,C,7
04.01.24 17:54:00,C,6
04.01.24 18:54:00,C,5
04.01.24 19:54:00,C,5
04.01.24 20:54:00,C,5
04.01.24 21:54:00,C,4
04.01.24 22:54:00,C,4
04.01.24 23:54:00,C,4
05.01.24 00:54:00,C,4
05.01.24 01:54:00,C,3
05.01.24 02:54:00,C,3
05.01.24 03:54:00,C,4
05.01.24 04:54:00,C,4
05.01.24 05:54:00,C,4
05.01.24 06:54:00,C,4
05.01.24 07:54:00,C,4
05.01.24 08:54:00,C,4
05.01.24 09:54:00,C,5
05.01.24 10:54:00,C,6
05.01.24 11:54:00,C,7
05.01.24 12:54:00,C,7
05.01.24 13:54:00,C,7
05.01.24 14:54:00,C,7
05.01.24 15:54:00,C,6
05.01.24 16:54:00,C,5
05.01.24 17:54:00,C,4
05.01.24 18:54:00,C,3
05.01.24 19:54:00,C,3
05.01.24 20:54:00,C,3
05.01.24 21:54:00,C,3
05.01.24 22:54:00,C,2
05.01.24 23:54:00,C,2
06.01.24 00:54:00,C,2
06.01.24 01:54:00,C,1
06.01.24 02:54:00,C,2
06.01.24 03:54:00,C,2
06.01.24 04:54:00,C,3
06.01.24 05:54:00,C,3
06.01.24 06:54:00,C,3
06.01.24 07:54:00,C,4
06.01.24 08:54:00,C,4
06.01.24 09:54:00,C,4
06.01.24 10:54:00,C,4
06.01.24 11:54:00,C,5
06.01.24 12:54:00,C,5
06.01.24 13:54:00,C,5
06.01.24 14:54:00,C,5
06.01.24 15:54:00,C,5
06.01.24 16:54:00,C,5
06.01.24 17:54:00,C,5
06.01.24 18:54:00,C,5
06.01.24 19:54:00,C,5
06.01.24 20:54:00,C,4
06.01.24 21:54:00,C,4
06.01.24 22:54:00,C,4
06.01.24 23:54:00,C,4
07.01.24 00:54:00,C,4
07.01.24 01:54:00,C,4
07.01.24 02:54:00,C,4
07.01.24 03:54:00,C,4
07.01.24 04:54:00,C,4
07.01.24 05:54:00,C,4
07.01.24 06:54:00,C,4
07.01.24 07:54:00,C,4
07.01.24 08:54:00,C,4
07.01.24 09:54:00,C,4
07.01.24 10:54:00,C,4
07.01.24 11:54:00,C,5
07.01.24 12:54:00,C,4
07.01.24 13:54:00,C,4
07.01.24 14:54:00,C,4
07.01.24 15:54:00,C,3
07.01.24 16:54:00,C,3
07.01.24 17:54:00,C,2
07.01.24 18:54:00,C,2
07.01.24 19:54:00,C,1
07.01.24 20:54:00,C,1
07.01.24 21:54:00,C,0
07.01.24 22:54:00,C,0
07.01.24 23:54:00,C,0
08.01.24 00:54:00,C,0
08.01.24 01:54:00,C,0
08.01.24 02:54:00,C,0
08.01.24 03:54:00,C,0
08.01.24 04:54:00,C,0
08.01.24 05:54:00,C,0
08.01.24 06:54:00,C,0
08.01.24 07:54:00,C,0
08.01.24 08:54:00,C,0
08.01.24 09:54:00,C,0
08.01.24 10:54:00,C,0
08.01.24 11:54:00,C,0
08.01.24 12:54:00,C,0
08.01.24 13:54:00,C,0
08.01.24 14:54:00,C,0
08.01.24 15:54:00,C,0
08.01.24 16:54:00,C,0
08.01.24 17:54:00,C,0
08.01.24 18:54:00,C,0
08.01.24 19:54:00,C,0
08.01.24 20:54:00,C,0
08.01.24 21:54:00,C,-1
08.01.24 22:54:00,C,-1
08.01.24 23:54:00,C,-1
09.01.24 00:54:00,C,-1
09.01.24 01:54:00,C,-2
09.01.24 02:54:00,C,-3
09.01.24 03:54:00,C,-3
09.01.24 04:54:00,C,-4
09.01.24 05:54:00,C,-4
09.01.24 06:54:00,C,-4
09.01.24 07:54:00,C,-4
09.01.24 08:54:00,C,-4
09.01.24 09:54:00,C,-3
09.01.24 10:54:00,C,-2
09.01.24 11:54:00,C,-2
09.01.24 12:54:00,C,-2
09.01.24 13:54:00,C,-2
09.01.24 14:54:00,C,-2
09.01.24 15:54:00,C,-3
09.01.24 16:54:00,C,-3
09.01.24 17:54:00,C,-3
09.01.24 18:54:00,C,-3
09.01.24 19:54:00,C,-3
09.01.24 20:54:00,C,-3
09.01.24 21:54:00,C,-3
09.01.24 22:54:00,C,-3
09.01.24 23:54:00,C,-3
10.01.24 00:54:00,C,-3
10.01.24 01:54:00,C,-3
10.01.24 02:54:00,C,-3
10.01.24 03:54:00,C,-3
10.01.24 04:54:00,C,-3
10.01.24 05:54:00,C,-3
10.01.24 06:54:00,C,-3
10.01.24 07:54:00,C,-3
10.01.24 08:54:00,C,-2
10.01.24 09:54:00,C,-2
10.01.24 10:54:00,C,-2
10.01.24 11:54:00,C,-2
10.01.24 12:54:00,C,-2
10.01.24 13:54:00,C,-2
10.01.24 14:54:00,C,-2
10.01.24 15:54:00,C,-2
10.01.24 16:54:00,C,-3
10.01.24 17:54:00,C,-3
10.01.24 18:54:00,C,-3
10.01.24 19:54:00,C,-3
10.01.24 20:54:00,C,-4
10.01.24 21:54:00,C,-4
10.01.24 22:54:00,C,-4
10.01.24 23:54:00,C,-4
11.01.24 00:54:00,C,-4
11.01.24 01:54:00,C,-4
11.01.24 02:54:00,C,-4
11.01.24 03:54:00,C,-4
11.01.24 04:54:00,C,-4
11.01.24 05:54:00,C,-4
11.01.24 06:54:00,C,-5
11.01.24 07:54:00,C,-5
11.01.24 08:54:00,C,-4
11.01.24 09:54:00,C,-4
11.01.24 10:54:00,C,-2
11.01.24 11:54:00,C,-2
11.01.24 12:54:00,C,-1
11.01.24 13:54:00,C,-1
11.01.24 14:54:00,C,-1
11.01.24 15:54:00,C,-2
11.01.24 16:54:00,C,-3
11.01.24 17:54:00,C,-3
11.01.24 18:54:00,C,-4
11.01.24 19:54:00,C,-4
11.01.24 20:54:00,C,-4
11.01.24 21:54:00,C,-4
11.01.24 22:54:00,C,-4
11.01.24 23:54:00,C,-4
12.01.24 00:54:00,C,-4
12.01.24 01:54:00,C,-5
12.01.24 02:54:00,C,-5
12.01.24 03:54:00,C,-4
12.01.24 04:54:00,C,-3
12.01.24 05:54:00,C,-4
12.01.24 06:54:00,C,-4
12.01.24 07:54:00,C,-5
12.01.24 08:54:00,C,-4
12.01.24 09:54:00,C,-3
12.01.24 10:54:00,C,-2
12.01.24 11:54:00,C,-1
12.01.24 12:54:00,C,-1
12.01.24 13:54:00,C,-1
12.01.24 14:54:00,C,-1
12.01.24 15:54:00,C,-1
12.01.24 16:54:00,C,-1
12.01.24 17:54:00,C,-1
12.01.24 18:54:00,C,-1
12.01.24 19:54:00,C,-1
12.01.24 20:54:00,C,-1
12.01.24 21:54:00,C,-1
12.01.24 22:54:00,C,-1
12.01.24 23:54:00,C,-1
13.01.24 00:54:00,C,-1
13.01.24 01:54:00,C,-1
13.01.24 02:54:00,C,-1
13.01.24 03:54:00,C,-1
13.01.24 04:54:00,C,-1
13.01.24 05:54:00,C,-1
13.01.24 06:54:00,C,-1
13.01.24 07:54:00,C,-1
13.01.24 08:54:00,C,-1
13.01.24 09:54:00,C,-1
13.01.24 10:54:00,C,-1
13.01.24 11:54:00,C,-1
13.01.24 12:54:00,C,0
13.01.24 13:54:00,C,0
13.01.24 14:54:00,C,0
13.01.24 15:54:00,C,-1
13.01.24 16:54:00,C,-1
13.01.24 17:54:00,C,-1
13.01.24 18:54:00,C,-1
13.01.24 19:54:00,C,-1
13.01.24 20:54:00,C,-1
13.01.24 21:54:00,C,-1
13.01.24 22:54:00,C,-1
13.01.24 23:54:00,C,-1
14.01.24 00:54:00,C,-1
14.01.24 01:54:00,C,-2
14.01.24 02:54:00,C,-2
14.01.24 03:54:00,C,-2
14.01.24 04:54:00,C,-2
14.01.24 05:54:00,C,-2
14.01.24 06:54:00,C,-2
14.01.24 07:54:00,C,-2
14.01.24 08:54:00,C,-2
14.01.24 09:54:00,C,-1
14.01.24 10:54:00,C,-1
14.01.24 11:54:00,C,-1
14.01.24 12:54:00,C,0
14.01.24 13:54:00,C,0
14.01.24 14:54:00,C,0
14.01.24 15:54:00,C,-1
14.01.24 16:54:00,C,-1
14.01.24 17:54:00,C,-2
14.01.24 18:54:00,C,-2
14.01.24 19:54:00,C,-2
14.01.24 20:54:00,C,-2
14.01.24 21:54:00,C,-2
14.01.24 22:54:00,C,-2
14.01.24 23:54:00,C,-2
15.01.24 00:54:00,C,-2
15.01.24 01:54:00,C,-2
15.01.24 02:54:00,C,-2
15.01.24 03:54:00,C,-2
15.01.24 04:54:00,C,-2
15.01.24 05:54:00,C,-2
15.01.24 06:54:00,C,-2
15.01.24 07:54:00,C,-2
15.01.24 08:54:00,C,-1
15.01.24 09:54:00,C,-1
15.01.24 10:54:00,C,-1
15.01.24 11:54:00,C,-1
15.01.24 12:54:00,C,-1
15.01.24 13:54:00,C,0
15.01.24 14:54:00,C,0
15.01.24 15:54:00,C,0
15.01.24 16:54:00,C,0
15.01.24 17:54:00,C,-1
15.01.24 18:54:00,C,-1
15.01.24 19:54:00,C,-1
15.01.24 20:54:00,C,-1
15.01.24 21:54:00,C,-1
15.01.24 22:54:00,C,-1
15.01.24 23:54:00,C,-1
16.01.24 00:54:00,C,-1
16.01.24 01:54:00,C,-1
16.01.24 02:54:00,C,-1
16.01.24 03:54:00,C,-2
16.01.24 04:54:00,C,-2
16.01.24 05:54:00,C,-2
16.01.24 06:54:00,C,-2
16.01.24 07:54:00,C,-2
16.01.24 08:54:00,C,-2
16.01.24 09:54:00,C,-1
16.01.24 10:54:00,C,-1
16.01.24 11:54:00,C,-1
16.01.24 12:54:00,C,0
16.01.24 13:54:00,C,0
16.01.24 14:54:00,C,0
16.01.24 15:54:00,C,-1
16.01.24 16:54:00,C,-1
16.01.24 17:54:00,C,-2
16.01.24 18:54:00,C,-2
16.01.24 19:54:00,C,-2
16.01.24 20:54:00,C,-2
16.01.24 21:54:00,C,-2
16.01.24 22:54:00,C,-2
16.01.24 23:54:00,C,-2
17.01.24 00:54:00,C,-2
17.01.24 01:54:00,C,-2
17.01.24 02:54:00,C,-2
17.01.24 03:54:00,C,-2
17.01.24 04:54:00,C,-2
17.01.24 05:54:00,C,-1
17.01.24 06:54:00,C,-1
17.01.24 07:54:00,C,-1
17.01.24 08:54:00,C,-1
17.01.24 09:54:00,C,-1
17.01.24 10:54:00,C,-1
17.01.24 11:54:00,C,-1
17.01.24 12:54:00,C,0
17.01.24 13:54:00,C,0
17.01.24 14:54:00,C,0
17.01.24 15:54:00,C,0
17.01.24 16:54:00,C,0
17.01.24 17:54:00,C,0
17.01.24 18:54:00,C,0
17.01.24 19:54:00,C,0
17.01.24 20:54:00,C,0
17.01.24 21:54:00,C,0
17.01.24 22:54:00,C,0
17.01.24 23:54:00,C,0
18.01.24 00:54:00,C,0
18.01.24 01:54:00,C,0
18.01.24 02:54:00,C,0
18.01.24 03:54:00,C,0
18.01.24 04:54:00,C,0
18.01.24 05:54:00,C,0
18.01.24 06:54:00,C,0
18.01.24 07:54:00,C,0
18.01.24 08:54:00,C,0
18.01.24 09:54:00,C,0
18.01.24 10:54:00,C,0
18.01.24 11:54:00,C,0
18.01.24 12:54:00,C,0
18.01.24 13:54:00,C,0
18.01.24 14:54:00,C,0
18.01.24 15:54:00,C,0
18.01.24 16:54:00,C,0
18.01.24 17:54:00,C,0
18.01.24 18:54:00,C,0
18.01.24 19:54:00,C,0
18.01.24 20:54:00,C,0
18.01.24 21:54:00,C,0
18.01.24 22:54:00,C,0
18.01.24 23:54:00,C,0
19.01.24 00:54:00,C,0
19.01.24 01:54:00,C,0
19.01.24 02:54:00,C,0
19.01.24 03:54:00,C,0
19.01.24 04:54:00,C,0
19.01.24 05:54:00,C,0
19.01.24 06:54:00,C,0
19.01.24 07:54:00,C,0
19.01.24 08:54:00,C,0
19.01.24 09:54:00,C,0
19.01.24 10:54:00,C,0
19.01.24 11:54:00,C,0
19.01.24 12:54:00,C,0
19.01.24 13:54:00,C,0
19.01.24 14:54:00,C,0
19.01.24 15:54:00,C,0
19.01.24 16:54:00,C,0
19.01.24 17:54:00,C,0
19.01.24 18:54:00,C,0
19.01.24 19:54:00,C,0
19.01.24 20:54:00,C,0
19.01.24 21:54:00,C,0
19.01.24 22:54:00,C,0
19.01.24 23:54:00,C,-1
20.01.24 00:54:00,C,-1
20.01.24 01:54:00,C,-1
20.01.24 02:54:00,C,-1
20.01.24 03:54:00,C,-1
20.01.24 04:54:00,C,-1
20.01.24 05:54:00,C,-2
20.01.24 06:54:00,C,-2
20.01.24 07:54:00,C,-2
20.01.24 08:54:00,C,-2
20.01.24 09:54:00,C,-2
20.01.24 10:54:00,C,-1
20.01.24 11:54:00,C,-1
20.01.24 12:54:00,C,-1
20.01.24 13:54:00,C,-1
20.01.24 14:54:00,C,-1
20.01.24 15:54:00,C,-1
20.01.24 16:54:00,C,-1
20.01.24 17:54:00,C,-2
20.01.24 18:54:00,C,-2
20.01.24 19:54:00,C,-2
20.01.24 20:54:00,C,-2
20.01.24 21:54:00,C,-2
20.01.24 22:54:00,C,-2
20.01.24 23:54:00,C,-2
21.01.24 00:54:00,C,-2
21.01.24 01:54:00,C,-2
21.01.24 02:54:00,C,-2
21.01.24 03:54:00,C,-2
21.01.24 04:54:00,C,-2
21.01.24 05:54:00,C,-2
21.01.24 06:54:00,C,-2
21.01.24 07:54:00,C,-2
21.01.24 08:54:00,C,-2
21.01.24 09:54:00,C,-2
21.01.24 10:54:00,C,-1
21.01.24 11:54:00,C,-1
21.01.24 12:54:00,C,0
21.01.24 13:54:00,C,0
21.01.24 14:54:00,C,0
21.01.24 15:54:00,C,0
21.01.24 16:54:00,C,0
21.01.24 17:54:00,C,0
21.01.24 18:54:00,C,0
21.01.24 19:54:00,C,0
21.01.24 20:54:00,C,0
21.01.24 21:54:00,C,0
21.01.24 22:54:00,C,0
21.01.24 23:54:00,C,0
22.01.24 00:54:00,C,0
22.01.24 01:54:00,C,0
22.01.24 02:54:00,C,0
22.01.24 03:54:00,C,0
22.01.24 04:54:00,C,0
22.01.24 05:54:00,C,0
22.01.24 06:54:00,C,0
22.01.24 07:54:00,C,0
22.01.24 08:54:00,C,0
22.01.24 09:54:00,C,0
22.01.24 10:54:00,C,0
22.01.24 11:54:00,C,0
22.01.24 12:54:00,C,0
22.01.24 13:54:00,C,0
22.01.24 14:54:00,C,0
22.01.24 15:54:00,C,1
22.01.24 16:54:00,C,1
22.01.24 17:54:00,C,0
22.01.24 18:54:00,C,1
22.01.24 19:54:00,C,0
22.01.24 20:54:00,C,0
22.01.24 21:54:00,C,1
22.01.24 22:54:00,C,1
22.01.24 23:54:00,C,1
23.01.24 00:54:00,C,1
23.01.24 01:54:00,C,1
23.01.24 02:54:00,C,1
23.01.24 03:54:00,C,2
23.01.24 04:54:00,C,2
23.01.24 05:54:00,C,2
23.01.24 06:54:00,C,2
23.01.24 07:54:00,C,1
23.01.24 08:54:00,C,2
23.01.24 09:54:00,C,3
